[{"line":2,"elements":[{"line":4,"name":"","description":"","type":"background","keyword":"Background","steps":[{"result":{"duration":15932994500,"status":"passed"},"line":5,"name":"I am on Chilternoak Furniture Homepage","match":{"location":"steps.ContactUsFormSteps.i_am_on_chilternoak_furniture_homepage()"},"keyword":"Given "}]},{"start_timestamp":"2024-01-18T14:00:11.147Z","line":18,"name":"Testing of ContactUs Page","description":"","id":"test-chilternoak-furniture-page-i-want-to-use-this-template-for-my-feature-file;testing-of-contactus-page;;2","type":"scenario","keyword":"Scenario Outline","steps":[{"result":{"duration":5938756100,"status":"passed"},"line":8,"name":"I click on ContactUs link","match":{"location":"steps.ContactUsFormSteps.i_click_on_contact_us_link()"},"keyword":"When "},{"result":{"duration":99724200,"status":"passed"},"line":9,"name":"I will be on ContactUs Page and Capture the title of the page","match":{"location":"steps.ContactUsFormSteps.i_will_be_on_contact_us_page_and_capture_the_title_of_the_page()"},"keyword":"Then "},{"result":{"duration":2585288300,"status":"passed"},"line":10,"name":"I entered name as 'User' on the page","match":{"arguments":[{"val":"'User'","offset":18}],"location":"steps.ContactUsFormSteps.i_entered_name_as_on_the_page(java.lang.String)"},"keyword":"And "},{"result":{"duration":2568877800,"status":"passed"},"line":11,"name":"I entered email id as 'user@gmail.com' on the page","match":{"arguments":[{"val":"'user@gmail.com'","offset":22}],"location":"steps.ContactUsFormSteps.i_entered_email_id_as_on_the_page(java.lang.String)"},"keyword":"And "},{"result":{"duration":2939099400,"status":"passed"},"line":12,"name":"I entered phone no as '1234567891' on the page","match":{"arguments":[{"val":"'1234567891'","offset":22}],"location":"steps.ContactUsFormSteps.i_entered_phone_no_as_on_the_page(java.lang.String)"},"keyword":"And "},{"result":{"duration":2445542900,"status":"passed"},"line":13,"name":"I entered message as 'Hi, This is good product' on the page","match":{"arguments":[{"val":"'Hi, This is good product'","offset":21}],"location":"steps.ContactUsFormSteps.i_entered_message_as_on_the_page(java.lang.String)"},"keyword":"And "},{"result":{"duration":16285930300,"status":"passed"},"line":14,"name":"I click on send button","match":{"location":"steps.ContactUsFormSteps.i_click_on_send_button()"},"keyword":"Then "},{"result":{"duration":49991100,"status":"passed"},"line":15,"name":"It shoulld diplayed the message 'robot'","match":{"arguments":[{"val":"'robot'","offset":32}],"location":"steps.ContactUsFormSteps.it_shoulld_diplayed_the_message(java.lang.String)"},"keyword":"Then "}],"tags":[{"name":"@all"}]},{"line":4,"name":"","description":"","type":"background","keyword":"Background","steps":[{"result":{"duration":2391038600,"status":"passed"},"line":5,"name":"I am on Chilternoak Furniture Homepage","match":{"location":"steps.ContactUsFormSteps.i_am_on_chilternoak_furniture_homepage()"},"keyword":"Given "}]},{"start_timestamp":"2024-01-18T14:01:00.226Z","line":19,"name":"Testing of ContactUs Page","description":"","id":"test-chilternoak-furniture-page-i-want-to-use-this-template-for-my-feature-file;testing-of-contactus-page;;3","type":"scenario","keyword":"Scenario Outline","steps":[{"result":{"duration":4185186900,"status":"passed"},"line":8,"name":"I click on ContactUs link","match":{"location":"steps.ContactUsFormSteps.i_click_on_contact_us_link()"},"keyword":"When "},{"result":{"duration":74753600,"status":"passed"},"line":9,"name":"I will be on ContactUs Page and Capture the title of the page","match":{"location":"steps.ContactUsFormSteps.i_will_be_on_contact_us_page_and_capture_the_title_of_the_page()"},"keyword":"Then "},{"result":{"duration":2146690900,"status":"passed"},"line":10,"name":"I entered name as 'User' on the page","match":{"arguments":[{"val":"'User'","offset":18}],"location":"steps.ContactUsFormSteps.i_entered_name_as_on_the_page(java.lang.String)"},"keyword":"And "},{"result":{"duration":2096501300,"status":"passed"},"line":11,"name":"I entered email id as '' on the page","match":{"arguments":[{"val":"''","offset":22}],"location":"steps.ContactUsFormSteps.i_entered_email_id_as_on_the_page(java.lang.String)"},"keyword":"And "},{"result":{"duration":2103288300,"status":"passed"},"line":12,"name":"I entered phone no as '1243567891' on the page","match":{"arguments":[{"val":"'1243567891'","offset":22}],"location":"steps.ContactUsFormSteps.i_entered_phone_no_as_on_the_page(java.lang.String)"},"keyword":"And "},{"result":{"duration":2140589000,"status":"passed"},"line":13,"name":"I entered message as 'Hi, This is good product' on the page","match":{"arguments":[{"val":"'Hi, This is good product'","offset":21}],"location":"steps.ContactUsFormSteps.i_entered_message_as_on_the_page(java.lang.String)"},"keyword":"And "},{"result":{"duration":16186730200,"status":"passed"},"line":14,"name":"I click on send button","match":{"location":"steps.ContactUsFormSteps.i_click_on_send_button()"},"keyword":"Then "},{"result":{"error_message":"java.lang.AssertionError\r\n\tat org.junit.Assert.fail(Assert.java:86)\r\n\tat org.junit.Assert.assertTrue(Assert.java:41)\r\n\tat org.junit.Assert.assertTrue(Assert.java:52)\r\n\tat steps.ContactUsFormSteps.it_shoulld_diplayed_the_message(ContactUsFormSteps.java:118)\r\n\tat ✽.It shoulld diplayed the message 'Please enter the valid email'(file:///C:/Users/DELL/eclipse-workspace/CucumberProject/RLLProjectCucumber/src/test/java/features/ContactUs.feature:15)\r\n","duration":33467700,"status":"failed"},"line":15,"name":"It shoulld diplayed the message 'Please enter the valid email'","match":{"arguments":[{"val":"'Please enter the valid email'","offset":32}],"location":"steps.ContactUsFormSteps.it_shoulld_diplayed_the_message(java.lang.String)"},"keyword":"Then "}],"tags":[{"name":"@all"}]},{"line":4,"name":"","description":"","type":"background","keyword":"Background","steps":[{"result":{"duration":1885980000,"status":"passed"},"line":5,"name":"I am on Chilternoak Furniture Homepage","match":{"location":"steps.ContactUsFormSteps.i_am_on_chilternoak_furniture_homepage()"},"keyword":"Given "}]},{"start_timestamp":"2024-01-18T14:01:31.612Z","line":20,"name":"Testing of ContactUs Page","description":"","id":"test-chilternoak-furniture-page-i-want-to-use-this-template-for-my-feature-file;testing-of-contactus-page;;4","type":"scenario","keyword":"Scenario Outline","steps":[{"result":{"duration":3365788300,"status":"passed"},"line":8,"name":"I click on ContactUs link","match":{"location":"steps.ContactUsFormSteps.i_click_on_contact_us_link()"},"keyword":"When "},{"result":{"duration":12369300,"status":"passed"},"line":9,"name":"I will be on ContactUs Page and Capture the title of the page","match":{"location":"steps.ContactUsFormSteps.i_will_be_on_contact_us_page_and_capture_the_title_of_the_page()"},"keyword":"Then "},{"result":{"duration":2053725400,"status":"passed"},"line":10,"name":"I entered name as '' on the page","match":{"arguments":[{"val":"''","offset":18}],"location":"steps.ContactUsFormSteps.i_entered_name_as_on_the_page(java.lang.String)"},"keyword":"And "},{"result":{"duration":2046650900,"status":"passed"},"line":11,"name":"I entered email id as '' on the page","match":{"arguments":[{"val":"''","offset":22}],"location":"steps.ContactUsFormSteps.i_entered_email_id_as_on_the_page(java.lang.String)"},"keyword":"And "},{"result":{"duration":2049995300,"status":"passed"},"line":12,"name":"I entered phone no as '' on the page","match":{"arguments":[{"val":"''","offset":22}],"location":"steps.ContactUsFormSteps.i_entered_phone_no_as_on_the_page(java.lang.String)"},"keyword":"And "},{"result":{"duration":2041118600,"status":"passed"},"line":13,"name":"I entered message as '' on the page","match":{"arguments":[{"val":"''","offset":21}],"location":"steps.ContactUsFormSteps.i_entered_message_as_on_the_page(java.lang.String)"},"keyword":"And "},{"result":{"duration":17995095800,"status":"passed"},"line":14,"name":"I click on send button","match":{"location":"steps.ContactUsFormSteps.i_click_on_send_button()"},"keyword":"Then "},{"result":{"error_message":"java.lang.AssertionError\r\n\tat org.junit.Assert.fail(Assert.java:86)\r\n\tat org.junit.Assert.assertTrue(Assert.java:41)\r\n\tat org.junit.Assert.assertTrue(Assert.java:52)\r\n\tat steps.ContactUsFormSteps.it_shoulld_diplayed_the_message(ContactUsFormSteps.java:118)\r\n\tat ✽.It shoulld diplayed the message 'It is mandontary to fill the fields'(file:///C:/Users/DELL/eclipse-workspace/CucumberProject/RLLProjectCucumber/src/test/java/features/ContactUs.feature:15)\r\n","duration":39921600,"status":"failed"},"line":15,"name":"It shoulld diplayed the message 'It is mandontary to fill the fields'","match":{"arguments":[{"val":"'It is mandontary to fill the fields'","offset":32}],"location":"steps.ContactUsFormSteps.it_shoulld_diplayed_the_message(java.lang.String)"},"keyword":"Then "}],"tags":[{"name":"@all"}]},{"line":4,"name":"","description":"","type":"background","keyword":"Background","steps":[{"result":{"duration":3954767800,"status":"passed"},"line":5,"name":"I am on Chilternoak Furniture Homepage","match":{"location":"steps.ContactUsFormSteps.i_am_on_chilternoak_furniture_homepage()"},"keyword":"Given "}]},{"start_timestamp":"2024-01-18T14:02:03.134Z","line":21,"name":"Testing of ContactUs Page","description":"","id":"test-chilternoak-furniture-page-i-want-to-use-this-template-for-my-feature-file;testing-of-contactus-page;;5","type":"scenario","keyword":"Scenario Outline","steps":[{"result":{"duration":2780809400,"status":"passed"},"line":8,"name":"I click on ContactUs link","match":{"location":"steps.ContactUsFormSteps.i_click_on_contact_us_link()"},"keyword":"When "},{"result":{"duration":23862300,"status":"passed"},"line":9,"name":"I will be on ContactUs Page and Capture the title of the page","match":{"location":"steps.ContactUsFormSteps.i_will_be_on_contact_us_page_and_capture_the_title_of_the_page()"},"keyword":"Then "},{"result":{"duration":2103072900,"status":"passed"},"line":10,"name":"I entered name as '####' on the page","match":{"arguments":[{"val":"'####'","offset":18}],"location":"steps.ContactUsFormSteps.i_entered_name_as_on_the_page(java.lang.String)"},"keyword":"And "},{"result":{"duration":2170425900,"status":"passed"},"line":11,"name":"I entered email id as 'user@gmail.com' on the page","match":{"arguments":[{"val":"'user@gmail.com'","offset":22}],"location":"steps.ContactUsFormSteps.i_entered_email_id_as_on_the_page(java.lang.String)"},"keyword":"And "},{"result":{"duration":2117719900,"status":"passed"},"line":12,"name":"I entered phone no as '1243567891' on the page","match":{"arguments":[{"val":"'1243567891'","offset":22}],"location":"steps.ContactUsFormSteps.i_entered_phone_no_as_on_the_page(java.lang.String)"},"keyword":"And "},{"result":{"duration":2121843900,"status":"passed"},"line":13,"name":"I entered message as 'Hi, This is good product' on the page","match":{"arguments":[{"val":"'Hi, This is good product'","offset":21}],"location":"steps.ContactUsFormSteps.i_entered_message_as_on_the_page(java.lang.String)"},"keyword":"And "},{"result":{"duration":16127849500,"status":"passed"},"line":14,"name":"I click on send button","match":{"location":"steps.ContactUsFormSteps.i_click_on_send_button()"},"keyword":"Then "},{"result":{"error_message":"java.lang.AssertionError\r\n\tat org.junit.Assert.fail(Assert.java:86)\r\n\tat org.junit.Assert.assertTrue(Assert.java:41)\r\n\tat org.junit.Assert.assertTrue(Assert.java:52)\r\n\tat steps.ContactUsFormSteps.it_shoulld_diplayed_the_message(ContactUsFormSteps.java:118)\r\n\tat ✽.It shoulld diplayed the message 'Please enter the valid name'(file:///C:/Users/DELL/eclipse-workspace/CucumberProject/RLLProjectCucumber/src/test/java/features/ContactUs.feature:15)\r\n","duration":28120500,"status":"failed"},"line":15,"name":"It shoulld diplayed the message 'Please enter the valid name'","match":{"arguments":[{"val":"'Please enter the valid name'","offset":32}],"location":"steps.ContactUsFormSteps.it_shoulld_diplayed_the_message(java.lang.String)"},"keyword":"Then "}],"tags":[{"name":"@all"}]},{"line":4,"name":"","description":"","type":"background","keyword":"Background","steps":[{"result":{"duration":5663892300,"status":"passed"},"line":5,"name":"I am on Chilternoak Furniture Homepage","match":{"location":"steps.ContactUsFormSteps.i_am_on_chilternoak_furniture_homepage()"},"keyword":"Given "}]},{"start_timestamp":"2024-01-18T14:02:34.585Z","line":22,"name":"Testing of ContactUs Page","description":"","id":"test-chilternoak-furniture-page-i-want-to-use-this-template-for-my-feature-file;testing-of-contactus-page;;6","type":"scenario","keyword":"Scenario Outline","steps":[{"result":{"duration":4383544100,"status":"passed"},"line":8,"name":"I click on ContactUs link","match":{"location":"steps.ContactUsFormSteps.i_click_on_contact_us_link()"},"keyword":"When "},{"result":{"duration":23190700,"status":"passed"},"line":9,"name":"I will be on ContactUs Page and Capture the title of the page","match":{"location":"steps.ContactUsFormSteps.i_will_be_on_contact_us_page_and_capture_the_title_of_the_page()"},"keyword":"Then "},{"result":{"duration":2118166000,"status":"passed"},"line":10,"name":"I entered name as 'User' on the page","match":{"arguments":[{"val":"'User'","offset":18}],"location":"steps.ContactUsFormSteps.i_entered_name_as_on_the_page(java.lang.String)"},"keyword":"And "},{"result":{"duration":2230683600,"status":"passed"},"line":11,"name":"I entered email id as 'user@gmail.com' on the page","match":{"arguments":[{"val":"'user@gmail.com'","offset":22}],"location":"steps.ContactUsFormSteps.i_entered_email_id_as_on_the_page(java.lang.String)"},"keyword":"And "},{"result":{"duration":2151236500,"status":"passed"},"line":12,"name":"I entered phone no as '##########' on the page","match":{"arguments":[{"val":"'##########'","offset":22}],"location":"steps.ContactUsFormSteps.i_entered_phone_no_as_on_the_page(java.lang.String)"},"keyword":"And "},{"result":{"duration":2229168600,"status":"passed"},"line":13,"name":"I entered message as 'Hi, This is good product' on the page","match":{"arguments":[{"val":"'Hi, This is good product'","offset":21}],"location":"steps.ContactUsFormSteps.i_entered_message_as_on_the_page(java.lang.String)"},"keyword":"And "},{"result":{"duration":16183533500,"status":"passed"},"line":14,"name":"I click on send button","match":{"location":"steps.ContactUsFormSteps.i_click_on_send_button()"},"keyword":"Then "},{"result":{"error_message":"java.lang.AssertionError\r\n\tat org.junit.Assert.fail(Assert.java:86)\r\n\tat org.junit.Assert.assertTrue(Assert.java:41)\r\n\tat org.junit.Assert.assertTrue(Assert.java:52)\r\n\tat steps.ContactUsFormSteps.it_shoulld_diplayed_the_message(ContactUsFormSteps.java:118)\r\n\tat ✽.It shoulld diplayed the message 'Please Enter the valid number format'(file:///C:/Users/DELL/eclipse-workspace/CucumberProject/RLLProjectCucumber/src/test/java/features/ContactUs.feature:15)\r\n","duration":60859800,"status":"failed"},"line":15,"name":"It shoulld diplayed the message 'Please Enter the valid number format'","match":{"arguments":[{"val":"'Please Enter the valid number format'","offset":32}],"location":"steps.ContactUsFormSteps.it_shoulld_diplayed_the_message(java.lang.String)"},"keyword":"Then "}],"tags":[{"name":"@all"}]}],"name":"Test Chilternoak Furniture page I want to use this template for my feature file","description":"","id":"test-chilternoak-furniture-page-i-want-to-use-this-template-for-my-feature-file","keyword":"Feature","uri":"file:src/test/java/features/ContactUs.feature","tags":[{"name":"@all","type":"Tag","location":{"line":1,"column":1}}]}]